{
    "uvs": [[0.15,0.383333,0.85,0.383333,0.85,0.616667,0.15,0.616667,0.15,0.025,0.406098,0.025,0.406098,0.258333,0.15,0.258333,0.662195,0.025,0.662195,0.258333,0.406098,0.258333,0.15,0.616667,0.85,0.616667,0.85,0.85,0.15,0.85,0.15,0.85]],
    "faces": [43,3,2,7,6,0,0,1,2,3,0,1,2,3,43,6,7,11,10,1,3,2,2,3,3,2,4,5,43,0,3,6,4,0,4,5,6,7,6,0,3,7,43,2,1,5,7,0,5,8,9,10,1,8,9,2,43,1,0,4,5,0,11,12,13,14,8,6,7,9,43,10,11,15,14,1,3,2,2,3,5,4,7,9,43,4,6,10,8,1,7,6,6,7,7,3,5,10,43,7,5,9,11,1,10,9,9,10,2,9,11,4,43,5,4,8,9,1,14,13,13,14,9,7,10,11,43,12,14,15,13,1,15,15,15,15,2,9,7,3,43,8,10,14,12,1,7,6,6,7,10,5,9,2,43,11,9,13,15,1,10,9,9,10,4,11,3,7,43,9,8,12,13,1,14,13,13,14,11,10,2,3],
    "materials": [{
        "depthWrite": true,
        "blending": "NormalBlending",
        "mapDiffuseRepeat": [1,1],
        "DbgName": "BuildingUVMap",
        "colorEmissive": [0,0,0],
        "wireframe": false,
        "colorDiffuse": [0.8,0.8,0.8],
        "mapDiffuseAnisotropy": 1,
        "transparent": false,
        "mapDiffuse": "5FloorBuildingUV.png",
        "opacity": 1,
        "DbgColor": 15597568,
        "DbgIndex": 1,
        "visible": true,
        "mapDiffuseWrap": ["RepeatWrapping","RepeatWrapping"],
        "colorAmbient": [0.8,0.8,0.8],
        "depthTest": true,
        "shading": "lambert"
    },{
        "depthWrite": true,
        "blending": "NormalBlending",
        "DbgName": "BuildingBase",
        "colorEmissive": [0,0,0],
        "wireframe": false,
        "colorDiffuse": [0.693872,0.715694,0.752942],
        "transparent": false,
        "opacity": 1,
        "DbgColor": 15658734,
        "DbgIndex": 0,
        "visible": true,
        "colorAmbient": [0.693872,0.715694,0.752942],
        "depthTest": true,
        "shading": "lambert"
    }],
    "vertices": [-1,-0,-6,31.8,-0,-6,31.8,0,6,-1,0,6,-1,12,-6,31.8,12,-6,-1,12,6,31.8,12,6,-0.5,12,-5.5,31.3,12,-5.5,-0.5,12,5.5,31.3,12,5.5,-0.5,11.7381,-5.5,31.3,11.7381,-5.5,-0.5,11.7381,5.5,31.3,11.7381,5.5],
    "metadata": {
        "materials": 2,
        "type": "Geometry",
        "vertices": 16,
        "uvs": 1,
        "faces": 13,
        "version": 3,
        "generator": "io_three",
        "normals": 12
    },
    "normals": [-0.707083,0,0.707083,0.707083,0,0.707083,0.577349,0.577349,0.577349,-0.577349,0.577349,0.577349,-0.301492,0.904508,-0.301492,0.301492,0.904508,-0.301492,-0.707083,0,-0.707083,-0.577349,0.577349,-0.577349,0.707083,0,-0.707083,0.577349,0.577349,-0.577349,0.301492,0.904508,0.301492,-0.301492,0.904508,0.301492],
    "name": "BuildingGeometry.4"
}