{
    "metadata": {
        "generator": "io_three",
        "normals": 12,
        "version": 3,
        "type": "Geometry",
        "vertices": 40,
        "faces": 28
    },
    "normals": [0.577349,0.577349,-0.577349,-0.577349,0.577349,-0.577349,-0.577349,0.577349,0.577349,0.577349,0.577349,0.577349,0.707083,0,-0.707083,-0.707083,0,-0.707083,-0.707083,0,0.707083,0.707083,0,0.707083,0.301492,0.904508,-0.301492,-0.301492,0.904508,-0.301492,-0.301492,0.904508,0.301492,0.301492,0.904508,0.301492],
    "name": "Plane.001Geometry",
    "vertices": [-10,0,10,10,0,10,-10,-0,-10,10,-0,-10,10.5,-0,-10.5,10.5,0,10.5,-10.5,0,10.5,-10.5,-0,-10.5,-10,0.5,-10,-10,0.5,10,10,0.5,10,10,0.5,-10,10.5,0.5,10.5,-10.5,0.5,10.5,-10.5,0.5,-10.5,10.5,0.5,-10.5,6.11213,-5.69895,5.48316,6.11213,-5.69895,7.48316,4.11213,-5.69895,7.48316,4.11213,-5.69895,5.48316,6.11213,7.69895,5.48316,6.11213,7.69895,7.48316,4.11213,7.69895,7.48316,4.11213,7.69895,5.48316,-2.4355,-2.49085,1.03508,-2.4355,-2.49085,3.03508,-4.4355,-2.49085,3.03508,-4.4355,-2.49085,1.03508,-2.4355,4.49085,1.03508,-2.4355,4.49085,3.03508,-4.4355,4.49085,3.03508,-4.4355,4.49085,1.03508,3.15466,-2.15466,-7.12483,3.15466,-2.15466,-0.81551,-3.15466,-2.15466,-0.815511,-3.15466,-2.15466,-7.12484,3.15466,4.15466,-7.12483,3.15466,4.15466,-0.815509,-3.15466,4.15466,-0.815512,-3.15466,4.15466,-7.12483],
    "faces": [33,0,1,3,2,0,1,2,3,33,4,7,14,15,4,5,1,0,33,6,5,12,13,6,7,3,2,33,1,0,9,10,1,0,8,9,33,2,3,11,8,3,2,10,11,33,9,8,14,13,8,11,1,2,33,11,10,12,15,10,9,3,0,33,10,9,13,12,9,8,2,3,33,8,11,15,14,11,10,0,1,33,3,1,10,11,2,1,9,10,33,7,6,13,14,5,6,2,1,33,0,2,8,9,0,3,11,8,33,5,4,15,12,7,4,0,3,33,20,23,22,21,0,1,2,3,33,16,20,21,17,4,0,3,7,33,17,21,22,18,7,3,2,6,33,18,22,23,19,6,2,1,5,33,20,16,19,23,0,4,5,1,33,28,31,30,29,0,1,2,3,33,24,28,29,25,4,0,3,7,33,25,29,30,26,7,3,2,6,33,26,30,31,27,6,2,1,5,33,28,24,27,31,0,4,5,1,33,36,39,38,37,0,1,2,3,33,32,36,37,33,4,0,3,7,33,33,37,38,34,7,3,2,6,33,34,38,39,35,6,2,1,5,33,36,32,35,39,0,4,5,1]
}